,ordinal,date_info,name,title,content,category,advantages,disadvantages,rating,language,helpful,unhelpful,doubleQuality,verified,product_id,product_source,auction_number,product_name,product_url,product_origin,positivePhrases,neutralPhrases,negativePhrases
169,170,13.11.2022,M.,Naja...,"Ich kenne das Waschpulver noch von fr√ºher aber damals hat es anders (besser) gerochen als heute. Und der Preis ist auch relativ hoch. Da gibt's Waschpulver vom Diskonter die wesentlich billiger sind und sogar besser duften. Ich habs probiert, aber nochmal werde ich es bestimmt nicht mehr kaufen. Schade",neutral,,,3,DEU,3.0,,True,True,e8c49f0f-6e4e-4782-8c9e-034df69eb75c,https://www.amazon.de,B09LMKMGXF,"Dash¬Æ Color Frische Pulver I Waschmittel f√ºr bunte W√§sche I 100 Waschladungen I konzentrierte Rezeptur I frische, leuchtende W√§sche | 6 kg",https://www.amazon.de/-/pl/dp/B09LMKMGXF/ref=sr_1_5?keywords=dash+color+waschmittel&qid=1673340303&sprefix=dash+co%2Caps%2C450&sr=8-5&language=de_DE,DEU,0,0,0
177,178,03.02.2022,Blutonium,Teuer und nicht gut,"Definitiv nicht mehr, was er mal war. Habe ihn nach ein paar Jahren wieder hier bei Amazon entdeckt, gleich bestellt und muss sagen, bin recht entt√§uscht. Der Duft ist nur in der Verpackung toll, die W√§sche duftet allerdings √ºberhaupt nicht mehr, schon gar nicht so wie fr√ºher, die Waschleistung war auch besser. Werde ihn sicher nie wieder bestellen. Au√üerdem ist er jetzt sau teuerü§¢!",negative,,,2,DEU,4.0,,True,True,e8c49f0f-6e4e-4782-8c9e-034df69eb75c,https://www.amazon.de,B09LMKMGXF,"Dash¬Æ Color Frische Pulver I Waschmittel f√ºr bunte W√§sche I 100 Waschladungen I konzentrierte Rezeptur I frische, leuchtende W√§sche | 6 kg",https://www.amazon.de/-/pl/dp/B09LMKMGXF/ref=sr_1_5?keywords=dash+color+waschmittel&qid=1673340303&sprefix=dash+co%2Caps%2C450&sr=8-5&language=de_DE,DEU,0,0,0
237,238,2022.04.20,Camilina,Duft war fr√ºher besser,Leider wurde vor einiger Zeit der Geruch ver√§ndert und das nicht zum Vorteil. Hat mir fr√ºher besser gefallen. Schade.,neutral,,,3,DEU,1.0,0.0,True,False,c362b9aa-20ad-443f-8710-29ac50dbd6ec,dm.de,4058172585777,Denkmit Colorwaschmittel Pulver,https://www.dm.de/denkmit-colorwaschmittel-pulver-p4058172585777.html,DEU,0,0,0
260,261,2022.02.22,mamila,Bin sehr zufrieden,"Ich benutze dieses Waschpulver bestimmt schon 15 Jahre. Es ist ergiebig, von Zeit zu Zeit sollte man die Waschmittelmenge sowieso reduzieren da die Hersteller dieses immer wieder konzentrieren. Die Farben bleiben verblassen nicht und ie W√§sche wird fleckenlos sauber. Leider gibt es die gro√üen Packungen nicht mehr.",positive,,,4,DEU,9.0,0.0,True,False,c362b9aa-20ad-443f-8710-29ac50dbd6ec,dm.de,4058172585777,Denkmit Colorwaschmittel Pulver,https://www.dm.de/denkmit-colorwaschmittel-pulver-p4058172585777.html,DEU,0,0,0
294,295,2022.12.12,TeinMom,Neue Formel furchtbar,Seit dem die Formel ge√§ndert wurde stinkt das Waschmittel extrem und auch nach dem waschen stinkt die W√§sche sogar. Fr√ºher war es viel besser. Warum muss immer etwas ver√§ndert werden?.,negative,,,1,DEU,8.0,1.0,True,False,c362b9aa-20ad-443f-8710-29ac50dbd6ec,dm.de,4058172585777,Denkmit Colorwaschmittel Pulver,https://www.dm.de/denkmit-colorwaschmittel-pulver-p4058172585777.html,DEU,0,0,0
415,416,16.08.2022,Customer,"Neue Version mit stark √ºbertriebenen Gestank bzw. ""Duft""","Ich gehe davon aus, dass ich das Produkt auf dem Titelbild bekomme mit Lavendel welches ich auch schon vorher bestellt habe und herrlich angenehn und moderat riecht. Statt dessen bekommt man hier eine andere neue Version ""Lavendel & Eukalyptus"", die sich auch von der Verpackung her unterscheidet und die stinkt wie eine Chemiebombe. Da ist null nat√ºrlicher Geruch mehr... Der H√§ndler 'Toleoo' behauptet es sei das richtige Produkt gelifert worden, was offensichtlicherweise nicht stimmt. W√§re es von gleicher Qualit√§t w√§r das kein Ding aber so eine Chemiebombe kommt mir nicht ins Haus. Ohne Spa√ü, ich habe die geschlossene Packung √ºber Nacht vor der Haust√ºr stehen lassen weil schon nach kurzer Zeit das ganze Treppenhaus danach gestunken hat. Am n√§chsten Tag gings dann sofort retoure.",negative,,,1,DEU,3.0,,True,True,5550aa11-7f34-46ad-ac40-f5b923108eb4,https://www.amazon.de,B004XP5EEK,"Ecover Waschpulver Konzentrat Lavendel (3 kg / 40 Waschladungen), Vollwaschmittel mit pflanzenbasierten Inhaltsstoffen, Waschmittel Pulver f√ºr nat√ºrlich fasertief reine Wei√üw√§sche",https://www.amazon.de/Ecover-Universal-Waschpulver-Konzentrat-Waschladungen/dp/B004XP5EEK/ref=sr_1_5?__mk_de_DE=√ÖM√Ö≈Ω√ï√ë&crid=1ZIPLC4RDIZGE&keywords=Ecover+Color+Waschpulver+Konzentrat+Lavendel&qid=1673380324&sprefix=ecover+color+waschpulver+konzentrat+lavendel%2Caps%2C141&sr=8-5,DNK,0,0,0
451,452,12.06.2012,kabebe,Unkonzentriertes Konzentrat,"War bei der Bestellung der Ansicht, es handle sich um das mir schon bekannte ""ECOVER √ñkologisches Waschpulver"", das normaler Weise in einer 1,2 kg-Packung angeboten wird, nur eben mehr davon. Musste dann aber feststellen, dass bei diesem ""Konzentrat"" eine doppelt so hohe Dosierung angegeben ist wie beim Produkt""ECOVER √ñkologisches Waschpulver"". Zudem verklebt das Pulver beim Einsp√ºlen in der Sp√ºlkammer und wird so nicht vollst√§ndig weggesp√ºlt. Die - gute - Waschwirkung entspricht zwar dem anderen Produkt, aber bei der Handhabung schneidet dieses Konzentrat deutlich schlechter ab.",neutral,,,3,DEU,0.0,,True,True,5550aa11-7f34-46ad-ac40-f5b923108eb4,https://www.amazon.de,B004XP5EEK,"Ecover Waschpulver Konzentrat Lavendel (3 kg / 40 Waschladungen), Vollwaschmittel mit pflanzenbasierten Inhaltsstoffen, Waschmittel Pulver f√ºr nat√ºrlich fasertief reine Wei√üw√§sche",https://www.amazon.de/Ecover-Universal-Waschpulver-Konzentrat-Waschladungen/dp/B004XP5EEK/ref=sr_1_5?__mk_de_DE=√ÖM√Ö≈Ω√ï√ë&crid=1ZIPLC4RDIZGE&keywords=Ecover+Color+Waschpulver+Konzentrat+Lavendel&qid=1673380324&sprefix=ecover+color+waschpulver+konzentrat+lavendel%2Caps%2C141&sr=8-5,DNK,0,0,0
608,609,16.08.2022,Customer,"Neue Version mit stark √ºbertriebenen Gestank bzw. ""Duft""","Ich gehe davon aus, dass ich das Produkt auf dem Titelbild bekomme mit Lavendel welches ich auch schon vorher bestellt habe und herrlich angenehn und moderat riecht. Statt dessen bekommt man hier eine andere neue Version ""Lavendel & Eukalyptus"", die sich auch von der Verpackung her unterscheidet und die stinkt wie eine Chemiebombe. Da ist null nat√ºrlicher Geruch mehr... Der H√§ndler 'Toleoo' behauptet es sei das richtige Produkt gelifert worden, was offensichtlicherweise nicht stimmt. W√§re es von gleicher Qualit√§t w√§r das kein Ding aber so eine Chemiebombe kommt mir nicht ins Haus. Ohne Spa√ü, ich habe die geschlossene Packung √ºber Nacht vor der Haust√ºr stehen lassen weil schon nach kurzer Zeit das ganze Treppenhaus danach gestunken hat. Am n√§chsten Tag gings dann sofort retoure.",negative,,,1,DEU,3.0,,True,True,5550aa11-7f34-46ad-ac40-f5b923108eb4,https://www.amazon.de,B00IXKBC06,"Ecover Universal Waschpulver Konzentrat Lavendel (4x 1,2 kg / 64 Waschladungen), Vollwaschmittel mit pflanzenbasierten Inhaltsstoffen, Waschmittel Pulver f√ºr saubere W√§sche ab 30¬∞C",https://www.amazon.de/Ecover-Universal-Waschpulver-Konzentrat-Lavendel/dp/B00IXKBC06/ref=sr_1_6?__mk_de_DE=√ÖM√Ö≈Ω√ï√ë&crid=1ZIPLC4RDIZGE&keywords=Ecover%2BColor%2BWaschpulver%2BKonzentrat%2BLavendel&qid=1673380324&sprefix=ecover%2Bcolor%2Bwaschpulver%2Bkonzentrat%2Blavendel%2Caps%2C141&sr=8-6&th=1,DEU,0,0,0
644,645,12.06.2012,kabebe,Unkonzentriertes Konzentrat,"War bei der Bestellung der Ansicht, es handle sich um das mir schon bekannte ""ECOVER √ñkologisches Waschpulver"", das normaler Weise in einer 1,2 kg-Packung angeboten wird, nur eben mehr davon. Musste dann aber feststellen, dass bei diesem ""Konzentrat"" eine doppelt so hohe Dosierung angegeben ist wie beim Produkt""ECOVER √ñkologisches Waschpulver"". Zudem verklebt das Pulver beim Einsp√ºlen in der Sp√ºlkammer und wird so nicht vollst√§ndig weggesp√ºlt. Die - gute - Waschwirkung entspricht zwar dem anderen Produkt, aber bei der Handhabung schneidet dieses Konzentrat deutlich schlechter ab.",neutral,,,3,DEU,0.0,,True,True,5550aa11-7f34-46ad-ac40-f5b923108eb4,https://www.amazon.de,B00IXKBC06,"Ecover Universal Waschpulver Konzentrat Lavendel (4x 1,2 kg / 64 Waschladungen), Vollwaschmittel mit pflanzenbasierten Inhaltsstoffen, Waschmittel Pulver f√ºr saubere W√§sche ab 30¬∞C",https://www.amazon.de/Ecover-Universal-Waschpulver-Konzentrat-Lavendel/dp/B00IXKBC06/ref=sr_1_6?__mk_de_DE=√ÖM√Ö≈Ω√ï√ë&crid=1ZIPLC4RDIZGE&keywords=Ecover%2BColor%2BWaschpulver%2BKonzentrat%2BLavendel&qid=1673380324&sprefix=ecover%2Bcolor%2Bwaschpulver%2Bkonzentrat%2Blavendel%2Caps%2C141&sr=8-6&th=1,DEU,0,0,0
1552,1553,8.10.2021,Shopping Girl :-),,"Bereits durch die Verpackung ist dieser √ºble Geruch wahrnehmbar - ich hatte bereits zuvor eine Pkg gekauft, und habe mich √ºberwunden, doch eine 60er W√§sche damit zu waschen .......... Die gesamte W√§sche stinkt ebenso pestialisch, als es in Pulverform wahrnehmbar ist, zudem so richtig ""vermodert"", musste mich beinahe √ºbergeben!. Bin schwer entt√§uscht vom Hersteller, dass er dieses tolle Produkt derma√üen verschlechtert hat!. In der Hoffnung, noch eine alte Pkg zu erhalten, bestellte ich eine weitere, diese sende ich nun unge√∂ffnet zur√ºck, weil man auch hier durch die geschlossene Packung den miesen Geruch wahr nehmen kann.. Schade hoch Zehn!!! KEINE Kaufempfehlung f√ºr das ""Neue"" Ariel in Pulverform!",negative,,,1,DEU,0.0,,True,False,7d498bea-c947-4c93-b725-f44647202165,https://www.amazon.de,B08WQRHZJW,"Ariel Waschmittel Pulver, Waschpulver, Color Waschmittel, 40 Waschladungen, Farbschutz (2.6 kg)",https://www.amazon.de/-/pl/dp/B08WQRHZJW?language=de_DE,CZE,0,0,0
1674,1675,2022.05.19,Naji,Tolles Produkt,"Reinigt und riecht gut, universal megaperls ist deutlich besser als universal pullver, den Preis spricht f√ºr sich",positive,,,5,DEU,0.0,1.0,True,True,de095011-62b7-4c82-b98e-a9390876d1dc,dm.de,4015000968119,Persil Colorwaschmittel Megaperls 18 WL,https://www.rossmann.de/de/p/4015000968119,DEU,0,0,0
1690,1691,2022.10.12,gutti,Reinheitsklassiker,"Oft kopiert und nie erreicht. Das Original ist mit Abstand das beste! Unschlagbar, besonders bei 60¬∞ freut ich mich immer √ºber das tolle waschergebnis. Flecken gehen ohne Vorbehandlung raus und der Duft ist dezent und frisch. Besser gehts nimmer. Daf√ºr zahl ich gern ein paar Euro mehr.",positive,,,5,DEU,7.0,0.0,True,True,de095011-62b7-4c82-b98e-a9390876d1dc,dm.de,4015000968119,Persil Colorwaschmittel Megaperls 18 WL,https://www.rossmann.de/de/p/4015000968119,DEU,0,0,0
3169,3170,2020-09-02T17:38:12.186Z,w...2,,Spodziewa≈Çam siƒô lepszej jakosci. Proszek nie wyr√≥≈ºnia siƒô niczym od zwyk≈Çego proszku. ,neutral,,,3,POL,4.0,5.0,True,True,474fba0e-d34e-446e-b782-8575b7914a07,https://allegro.pl/,12304387186,"Proszek do prania kolor√≥w Ariel 7,5 kg",https://allegro.pl/oferta/ariel-color-professional-proszek-do-prania-7-5-kg-12304387186,CZE,0,0,0
3211,3212,2022-04-19T05:17:53.009Z,M...2,,Du≈ºo kilo. Nie pachnie jak niemiecki,positive,,,4,POL,,,True,True,474fba0e-d34e-446e-b782-8575b7914a07,https://allegro.pl/,12304387186,"Proszek do prania kolor√≥w Ariel 7,5 kg",https://allegro.pl/oferta/ariel-color-professional-proszek-do-prania-7-5-kg-12304387186,CZE,0,0,1
3347,3348,2020-06-04T12:46:29.485Z,C...0,,"Tutaj uwaga do tych co piszƒÖ, ≈ºe kod kreskowy zaczyna siƒô na 8 zamiast 4. KupujƒÖc w sklepie Niemieckim (za granicƒÖ) jest dok≈Çadnie tak samo. Jednak widaƒá po produkcie, ≈ºe nie jest to produkt przeznaczony na rynek Polski.",positive,,,5,POL,4.0,,True,True,6332818b-5c0a-4b72-a588-7c9d6d88ba9a,https://allegro.pl/,12553024470,"Proszek do prania uniwersalne Ariel 6,5 kg",https://allegro.pl/oferta/proszek-ariel-strahlend-rein-100-pran-de-12553024470,DEU,0,0,0
3348,3349,2021-12-19T19:55:38.476Z,P...t,,"Zdecydowanie lepszy ni≈º polski odpowiednik, Polecam",positive,,,5,POL,3.0,,True,True,6332818b-5c0a-4b72-a588-7c9d6d88ba9a,https://allegro.pl/,12553024470,"Proszek do prania uniwersalne Ariel 6,5 kg",https://allegro.pl/oferta/proszek-ariel-strahlend-rein-100-pran-de-12553024470,DEU,1,0,0
3357,3358,2021-04-09T07:21:40.361Z,a...a,,Ariel z Niemiec jak do tej pory mnie nie zawi√≥d≈Ç! Wszystko czyste i doprane! Polecam!!!,positive,,,5,POL,3.0,,True,True,6332818b-5c0a-4b72-a588-7c9d6d88ba9a,https://allegro.pl/,12553024470,"Proszek do prania uniwersalne Ariel 6,5 kg",https://allegro.pl/oferta/proszek-ariel-strahlend-rein-100-pran-de-12553024470,DEU,1,0,0
3439,3440,2022-02-01T18:30:14.737Z,p...5,,"Mam wra≈ºenie,  ≈ºe to jaka≈õ gorsza wersja. Nie pierze tak dobrze jak ten, kt√≥ry kupi≈Çam w sklepie. ",positive,,,4,POL,,,True,True,eacee503-6445-4052-8eea-62e41af21302,https://allegro.pl/,12237021932,"Proszek do prania uniwersalne Ariel 5,059 kg",https://allegro.pl/oferta/proszek-do-prania-kolor-ariel-4-725-kg-12237021932,POL,0,0,0
3470,3471,2022-09-03T02:28:03.462Z,a...s,,"Moj ulubiony proszek. Super zapach, swietnie pierze (lepiej niz niemieckie te drozsze slawne, ktore maja dodatkowo mase innych minusow), i nie uczula.",positive,,,5,POL,4.0,,True,True,50963892-085e-421e-ba2a-7d82c9f2d5e0,https://allegro.pl/,11425853900,"2√ó Proszek do prania kolor√≥w Bryza 6,825 kg",https://allegro.pl/oferta/bryza-proszek-do-prania-2xcolor-13-65kg-210-pran-11425853900,POL,0,0,0
4818,4819,2021-10-23T19:25:21.693Z,s...c,,"Proszek Gama z Vizirem raczej nie ma nic wsp√≥lnego. Nie dopiera i po praniu nie pachnie jak niemiecki Vizir. Ba, on jest nawet s≈Çabszy ni≈º polski vizir.",negative,,,2,POL,9.0,3.0,True,True,bb88fbeb-e5c2-4374-adc6-11f578883980,https://allegro.pl/,7240101683,"Proszek do prania uniwersalne Gama 6,5 kg",https://allegro.pl/oferta/proszek-vizir-do-prania-bialych-i-kolorowych-6-5kg-7240101683,DEU,0,0,2
4820,4821,2020-06-23T15:34:35.637Z,M...Z,,"Za te pieniƒÖdze ca≈Çkiem niez≈Çy proszek. Na pewno lepszy od tych w naszych marketach. Intensywny zapach, dobrze pierze, choƒá z wiƒôkszymi plamami jest czasem problem . Nie jest to jaka≈õ super-mega -rewelacja (proszek nie jest produkowany w Niemczech ), ale i tak warto kupiƒá. :) ",positive,,,5,POL,10.0,6.0,True,True,bb88fbeb-e5c2-4374-adc6-11f578883980,https://allegro.pl/,7240101683,"Proszek do prania uniwersalne Gama 6,5 kg",https://allegro.pl/oferta/proszek-vizir-do-prania-bialych-i-kolorowych-6-5kg-7240101683,DEU,1,0,0
4821,4822,2021-01-17T18:08:21.011Z,l...l,,"Kupujƒô go dlatego ≈ºe proszki produkowane na Europƒô wschodniƒÖ majƒÖ w swoim sk≈Çadzie wiƒôcej wype≈Çniaczy ( kredy ) ni≈º te w niemczech. PoczƒÖtkowo niemcy ( tak, z ma≈Çej litery ) t≈Çumaczyli to uwarunkowaniami klimatycznymi ale gdy ich agrument zosta≈Ç wy≈õmiany, stwierdzili ≈ºe Polacy zbyt du≈ºo sypiƒÖ proszku na ka≈ºde pranie i stƒÖd wiƒôksza ilo≈õƒá kredy w produkcie. ",positive,,,5,POL,8.0,5.0,True,True,bb88fbeb-e5c2-4374-adc6-11f578883980,https://allegro.pl/,7240101683,"Proszek do prania uniwersalne Gama 6,5 kg",https://allegro.pl/oferta/proszek-vizir-do-prania-bialych-i-kolorowych-6-5kg-7240101683,DEU,0,0,0
4914,4915,2021-12-22T10:58:48.066Z,A...o,,Bardzo dobry super co Niemieckie to Niemiecki .,positive,,,5,POL,,,True,True,bb88fbeb-e5c2-4374-adc6-11f578883980,https://allegro.pl/,7240101683,"Proszek do prania uniwersalne Gama 6,5 kg",https://allegro.pl/oferta/proszek-vizir-do-prania-bialych-i-kolorowych-6-5kg-7240101683,DEU,1,0,0
5068,5069,2021-03-05T11:31:09.114Z,m...v,,≈ªadnej r√≥≈ºnicy czy nasz krajowy czy z niemiec,neutral,,,3,POL,,,True,True,bb88fbeb-e5c2-4374-adc6-11f578883980,https://allegro.pl/,7240101683,"Proszek do prania uniwersalne Gama 6,5 kg",https://allegro.pl/oferta/proszek-vizir-do-prania-bialych-i-kolorowych-6-5kg-7240101683,DEU,0,0,0
5075,5076,2021-01-28T21:31:05.320Z,d...m,,"proszek jak proszek, tylko ta wydajno≈õc lepsza ni≈º jego polskiej wersji. ""Niemieckie wydanie"" wystarcza na znacznie d≈Çu≈ºej.",positive,,,5,POL,,,True,True,bb88fbeb-e5c2-4374-adc6-11f578883980,https://allegro.pl/,7240101683,"Proszek do prania uniwersalne Gama 6,5 kg",https://allegro.pl/oferta/proszek-vizir-do-prania-bialych-i-kolorowych-6-5kg-7240101683,DEU,0,0,0
5141,5142,2020-08-15T20:27:42.664Z,C...6,,≈Åadny zapach moim zdaniem jest lepszy od VIZIRU z biedronki . ,positive,,,5,POL,,,True,True,bb88fbeb-e5c2-4374-adc6-11f578883980,https://allegro.pl/,7240101683,"Proszek do prania uniwersalne Gama 6,5 kg",https://allegro.pl/oferta/proszek-vizir-do-prania-bialych-i-kolorowych-6-5kg-7240101683,DEU,0,0,0
5147,5148,2020-08-03T20:27:40.795Z,R...a,,"Nastƒôpca Viziru - proszku Vizir u≈ºywam od wielu lat i jestem mega zadowolony, lepszego nie mia≈Çem jeszcze okazji testowaƒá. Mam wra≈ºenie, ≈ºe ostatnimi czasy jako≈õƒá spad≈Ça nieco i mo≈ºe dlatego zmienili markƒô, nie jest on ju≈º produkowany w Niemczech (choƒá nadal jest faktycznie na rynek niemiecki i szwajcarski). Mimo wszystko jest to ciƒÖgle najlepszy znany mi proszek do prania, o du≈ºej wydajno≈õci, nie niszczƒÖcy odzie≈ºy. Przede wszystkim pranie po nim nie ma ≈ºadnego intensywnego zapachu ani po wyjƒôciu z pralki NIE pachnie... moczem (przez chwilƒô, ale jednak), co jest prawie normƒÖ w wielu konkurencyjnych proszkach. Za to go uwielbiam, nie lubiƒô ""perfumowanych"" mocno proszk√≥w.",positive,,,5,POL,,,True,True,bb88fbeb-e5c2-4374-adc6-11f578883980,https://allegro.pl/,7240101683,"Proszek do prania uniwersalne Gama 6,5 kg",https://allegro.pl/oferta/proszek-vizir-do-prania-bialych-i-kolorowych-6-5kg-7240101683,DEU,1,0,1
5219,5220,2020-04-04T17:38:22.907Z,j...a,,Vizir jak Vizir. Trochƒô lepszy ni≈º dostƒôpny w polskich sklepach. ,positive,,,5,POL,,,True,True,bb88fbeb-e5c2-4374-adc6-11f578883980,https://allegro.pl/,7240101683,"Proszek do prania uniwersalne Gama 6,5 kg",https://allegro.pl/oferta/proszek-vizir-do-prania-bialych-i-kolorowych-6-5kg-7240101683,DEU,0,0,0
5221,5222,2020-04-01T16:19:48.641Z,z...1,,"≈öwietna, niemiecka jako≈õƒá produktu. polecam",positive,,,5,POL,,,True,True,bb88fbeb-e5c2-4374-adc6-11f578883980,https://allegro.pl/,7240101683,"Proszek do prania uniwersalne Gama 6,5 kg",https://allegro.pl/oferta/proszek-vizir-do-prania-bialych-i-kolorowych-6-5kg-7240101683,DEU,1,0,0
5262,5263,2019-11-27T21:52:08.689Z,w...3,,"Kupujƒô ju≈º d≈Çugo Vizir z zachodu z powodu ≈õwietnej jako≈õci, dobrze pierze, ≈Çadnie pachnie.",positive,,,5,POL,,,True,True,bb88fbeb-e5c2-4374-adc6-11f578883980,https://allegro.pl/,7240101683,"Proszek do prania uniwersalne Gama 6,5 kg",https://allegro.pl/oferta/proszek-vizir-do-prania-bialych-i-kolorowych-6-5kg-7240101683,DEU,0,0,0
5287,5288,2019-08-25T09:53:10.830Z,B...n,,"Proszek jak to proszek, niemiecka chemia.",positive,,,5,POL,,,True,True,bb88fbeb-e5c2-4374-adc6-11f578883980,https://allegro.pl/,7240101683,"Proszek do prania uniwersalne Gama 6,5 kg",https://allegro.pl/oferta/proszek-vizir-do-prania-bialych-i-kolorowych-6-5kg-7240101683,DEU,0,0,0
5304,5305,2019-05-19T15:28:47.451Z,a...o,,"Jako≈õƒá i skuteczno≈õƒá proszku przeciƒôtna  mo≈ºe dlatego, ≈ºe  nie jest to oryginalny produkt produkowany na rynek zachodni.",neutral,,,3,POL,,,True,True,bb88fbeb-e5c2-4374-adc6-11f578883980,https://allegro.pl/,7240101683,"Proszek do prania uniwersalne Gama 6,5 kg",https://allegro.pl/oferta/proszek-vizir-do-prania-bialych-i-kolorowych-6-5kg-7240101683,DEU,0,0,0
5407,5408,2020-06-20T10:57:12.973Z,a...0,,≈ºona m√≥wi ≈ºe jest lepszy ni≈º polski,positive,,,5,POL,,1.0,True,True,bb88fbeb-e5c2-4374-adc6-11f578883980,https://allegro.pl/,7240101683,"Proszek do prania uniwersalne Gama 6,5 kg",https://allegro.pl/oferta/proszek-vizir-do-prania-bialych-i-kolorowych-6-5kg-7240101683,DEU,0,0,0
5439,5440,2022-07-18T14:40:55.356Z,C...8,,Wydaje mi siƒô ≈ºe kiedy≈õ by≈Ç lepszy ale nadal jest nad polskimi proszkami,positive,,,4,POL,,,True,True,d09ae2c3-5159-439a-ad41-bdd8dd1139fa,https://allegro.pl/,12700621979,"Proszek do prania uniwersalne Gama 8,45 kg",https://allegro.pl/oferta/vizir-gama-proszek-do-prania-130pr-8-45kg-de-12700621979,DEU,0,0,0
5585,5586,2022-02-15T10:38:27.779Z,e...2,,na zdjƒôciu niemiecki a w rzeczywisto≈õci polski,positive,,,4,POL,2.0,,True,True,7050b4b9-97be-4d91-af21-df3eb4edc308,https://allegro.pl/,11825912291,"Proszek do prania kolor√≥w Lenor 3,9 kg",https://allegro.pl/oferta/lenor-proszek-do-prania-color-goldene-3-9kg-11825912291,DEU,0,0,0
5588,5589,2022-02-18T14:49:29.394Z,o...3,,"Proszek mia≈Ç byƒá niemiecki , a przyjecha≈Ç opisany po polsku. Ale zapach ok.",positive,,,4,POL,1.0,,True,True,7050b4b9-97be-4d91-af21-df3eb4edc308,https://allegro.pl/,11825912291,"Proszek do prania kolor√≥w Lenor 3,9 kg",https://allegro.pl/oferta/lenor-proszek-do-prania-color-goldene-3-9kg-11825912291,DEU,0,0,0
5615,5616,2022-04-13T17:40:52.201Z,C...1,,"oferta na stronie jako produkt niemiecki ,w rzeczywisto≈õci produkt czeski ,wprowadzanie w b≈ÇƒÖd klienta",positive,,,4,POL,,,True,True,7050b4b9-97be-4d91-af21-df3eb4edc308,https://allegro.pl/,11825912291,"Proszek do prania kolor√≥w Lenor 3,9 kg",https://allegro.pl/oferta/lenor-proszek-do-prania-color-goldene-3-9kg-11825912291,DEU,0,0,0
5618,5619,2022-03-27T13:41:38.186Z,d...1,,super produkt -niemiecki,positive,,,5,POL,,,True,True,7050b4b9-97be-4d91-af21-df3eb4edc308,https://allegro.pl/,11825912291,"Proszek do prania kolor√≥w Lenor 3,9 kg",https://allegro.pl/oferta/lenor-proszek-do-prania-color-goldene-3-9kg-11825912291,DEU,1,0,0
6702,6703,2022-08-15T15:49:30.359Z,y...7,,"Super. Pierze jak reklamowane, a sypie siƒô go mniej(jest bardzo wydajny), nie pachnie agresywnie, jest poprostu lepszy",positive,,,5,POL,,,True,True,2b287d9e-3fde-425c-9f1c-11b7b4c7d7a1,https://allegro.pl/,11088942757,Proszek do prania kolor√≥w Mr. Ziggi 5 kg,https://allegro.pl/oferta/mr-ziggi-proszek-do-prania-color-5kg-dezynfekujacy-11088942757,POL,2,0,1
6743,6744,2022-06-16T08:44:06.154Z,k...a,,"najlepszy proszek na rynku, najlepszy bo polski",positive,,,5,POL,,,True,True,2b287d9e-3fde-425c-9f1c-11b7b4c7d7a1,https://allegro.pl/,11088942757,Proszek do prania kolor√≥w Mr. Ziggi 5 kg,https://allegro.pl/oferta/mr-ziggi-proszek-do-prania-color-5kg-dezynfekujacy-11088942757,POL,1,0,0
6758,6759,2022-06-16T08:44:06.154Z,k...a,,"najlepszy proszek na rynku, najlepszy bo polski",positive,,,5,POL,,,True,True,2b287d9e-3fde-425c-9f1c-11b7b4c7d7a1,https://allegro.pl/,11088942757,Proszek do prania kolor√≥w Mr. Ziggi 5 kg,https://allegro.pl/oferta/mr-ziggi-proszek-do-prania-color-5kg-dezynfekujacy-11088942757,POL,1,0,0
6998,6999,2022-01-16T11:44:48.738Z,-...1,,"Mo≈ºe pierze dobrze, ale na ciemnych ubraniach zostawia plamy. I to nie jest kwestia pralki, bo od kilku lat piorƒô w r√≥≈ºnych proszkach. Pierwszy raz co≈õ takiego mnie spotka≈Ço. Pachnie szpitalem. Na pewno wiƒôcej nie kupiƒô :-(",negative,,,2,POL,,1.0,True,True,2b287d9e-3fde-425c-9f1c-11b7b4c7d7a1,https://allegro.pl/,11088942757,Proszek do prania kolor√≥w Mr. Ziggi 5 kg,https://allegro.pl/oferta/mr-ziggi-proszek-do-prania-color-5kg-dezynfekujacy-11088942757,POL,0,0,0
7062,7063,2020-12-20T20:57:11.329Z,b...t,,"chemia nie z polskiego rynku, jako≈õƒá lepsza ni≈º w naszych sklepach",positive,,,5,POL,,,True,True,a2183647-f9fa-44ba-933b-8a1dcadb8961,https://allegro.pl/,12476249904,Proszek do prania kolor√≥w Omo 7 kg,https://allegro.pl/oferta/proszek-do-prania-kolorow-omo-7-kg-12476249904,UE,0,0,0
7074,7075,2022-05-10T07:49:27.288Z,D...R,,"Proszek jak proszek. Nie wiem skƒÖd te zachwyty nad niemieckƒÖ jako≈õciƒÖ. Skusi≈Çam siƒô pierwszy raz w ≈ºyciu, bo wszyscy tutaj piejƒÖ nad zapachem i praniem. Zapachu zero, pierze dobrze. Tyle w temacie.",positive,,,4,POL,2.0,4.0,True,True,778c75b3-3423-4b14-8393-17b5d864d457,https://allegro.pl/,12646209462,"Proszek do prania kolor√≥w Persil 8,45 kg",https://allegro.pl/oferta/de-persil-color-proszek-do-prania-8-45-kg-12646209462,DEU,0,0,0
7097,7098,2022-05-12T18:56:54.995Z,p...4,,Niemieckie proszki do prania zawsze sƒÖ najlepsze.,positive,,,5,POL,,,True,True,778c75b3-3423-4b14-8393-17b5d864d457,https://allegro.pl/,12646209462,"Proszek do prania kolor√≥w Persil 8,45 kg",https://allegro.pl/oferta/de-persil-color-proszek-do-prania-8-45-kg-12646209462,DEU,0,0,0
7117,7118,2022-03-05T00:17:06.223Z,l...1,,"polski produkt siƒô umywa,niby to samo ale do tego mo≈ºna powiedzieƒá  pierzesz w proszku,standard jak nas niemcy oszukujƒÖ",positive,,,5,POL,,,True,True,778c75b3-3423-4b14-8393-17b5d864d457,https://allegro.pl/,12646209462,"Proszek do prania kolor√≥w Persil 8,45 kg",https://allegro.pl/oferta/de-persil-color-proszek-do-prania-8-45-kg-12646209462,DEU,0,0,0
7138,7139,2021-11-19T06:22:21.450Z,B...6,,"Nie ma jak niemiecka jako≈õƒá, kupujƒô regularnie.",positive,,,5,POL,,,True,True,778c75b3-3423-4b14-8393-17b5d864d457,https://allegro.pl/,12646209462,"Proszek do prania kolor√≥w Persil 8,45 kg",https://allegro.pl/oferta/de-persil-color-proszek-do-prania-8-45-kg-12646209462,DEU,0,0,0
7140,7141,2021-11-05T14:49:55.035Z,a...n,,"NIEMIECKI, PACHNƒÑCY.  POLECAM  !!!",positive,,,5,POL,,,True,True,778c75b3-3423-4b14-8393-17b5d864d457,https://allegro.pl/,12646209462,"Proszek do prania kolor√≥w Persil 8,45 kg",https://allegro.pl/oferta/de-persil-color-proszek-do-prania-8-45-kg-12646209462,DEU,1,0,0
7146,7147,2021-10-16T09:09:13.971Z,a...1,,"WyglƒÖda na to, ≈ºe proszek dobry, nie robiony na wsch√≥d, tak jak te w sklepach w Polsce.",positive,,,5,POL,,,True,True,778c75b3-3423-4b14-8393-17b5d864d457,https://allegro.pl/,12646209462,"Proszek do prania kolor√≥w Persil 8,45 kg",https://allegro.pl/oferta/de-persil-color-proszek-do-prania-8-45-kg-12646209462,DEU,0,0,0
7149,7150,2021-10-09T10:41:18.273Z,M...a,,Niemiecka chemia jest najlepsza.,positive,,,5,POL,,,True,True,778c75b3-3423-4b14-8393-17b5d864d457,https://allegro.pl/,12646209462,"Proszek do prania kolor√≥w Persil 8,45 kg",https://allegro.pl/oferta/de-persil-color-proszek-do-prania-8-45-kg-12646209462,DEU,0,0,0
7172,7173,2021-06-02T06:48:18.183Z,p...s,,Prawdziwy niemiecki proszek piƒôknie pachnie,positive,,,5,POL,,,True,True,778c75b3-3423-4b14-8393-17b5d864d457,https://allegro.pl/,12646209462,"Proszek do prania kolor√≥w Persil 8,45 kg",https://allegro.pl/oferta/de-persil-color-proszek-do-prania-8-45-kg-12646209462,DEU,1,0,0
7192,7193,2020-10-16T09:42:30.877Z,v...2,,W 100% zgodne z opisem a jakosc - wiadomo niemiecka....,positive,,,5,POL,,,True,True,778c75b3-3423-4b14-8393-17b5d864d457,https://allegro.pl/,12646209462,"Proszek do prania kolor√≥w Persil 8,45 kg",https://allegro.pl/oferta/de-persil-color-proszek-do-prania-8-45-kg-12646209462,DEU,0,0,0
7211,7212,2021-03-09T21:43:42.347Z,M...a,,Lepszy ni≈º Polski. Co niemiecki proszek to r√≥wna siƒô doprane ubrania. Przy ma≈Çym dziecku sprawdza siƒô rewelacyjnie. Nie uczula. ,positive,,,5,POL,5.0,1.0,True,True,c84e054d-beb2-42d8-8e9a-5c2ddc2b0855,https://allegro.pl/,12646299899,"Proszek do prania uniwersalne Persil 8,45 kg",https://allegro.pl/oferta/de-persil-uniwersalny-proszek-do-prania-8-45-12646299899,DEU,0,0,0
7212,7213,2021-10-31T23:33:38.926Z,B...4,,"≈öwietny na ciƒô≈ºki brud. W pralce mo≈ºe nie mieƒá okazji, by pokazaƒá pe≈Çniƒô swoich mo≈ºliwo≈õci - polecam przed praniem powr√≥ciƒá do namaczania: max. 1/3 szklanki na umywalkƒô wody, rozpu≈õciƒá w gorƒÖcej wodzie. Po ostygniƒôciu wrzuciƒá do d≈Çugiego namoczenia zszarza≈ÇƒÖ bieliznƒô, niegdy≈õ bia≈ÇƒÖ bawe≈Çnƒô czy poplamione obrusy. Moczyƒá kilka godzin, co jaki≈õ czas lekko przepraƒá i zostawiƒá. Przy bardzo du≈ºych zabrudzeniach mo≈ºe byƒá potrzebna druga zmiana proszku z wodƒÖ i klejne godziny namaczania. Najwygodniej zostawiaƒá na noc. Proszek pomaga odzyskaƒá dawnƒÖ ≈õnie≈ºnƒÖ biel, czysto≈õƒá bielizny, odplamiƒá obrusy ze starych plam, dopraƒá bia≈Çe skarpetki po spacerach boso. Genialny. Ale tylko opcja na rynek niemiecki (waga 8,45 kg) - holenderskie nie sƒÖ tak skuteczne. Ten zawiera a≈º tyle niebieskich granulek, ≈ºe barwi wodƒô na niebiesko. Polecam gorƒÖco!",positive,"Skuteczno≈õƒá prania i odplamiania, od≈õwie≈ºanie bieli",Brak,5,POL,4.0,1.0,True,True,c84e054d-beb2-42d8-8e9a-5c2ddc2b0855,https://allegro.pl/,12646299899,"Proszek do prania uniwersalne Persil 8,45 kg",https://allegro.pl/oferta/de-persil-uniwersalny-proszek-do-prania-8-45-12646299899,DEU,1,0,0
7216,7217,2020-05-14T06:43:31.897Z,z...r,,Jak zwykle zachodnia jako≈õƒá kt√≥ra widaƒá ju≈º po pierwszym peaniu ,positive,,,5,POL,3.0,2.0,True,True,c84e054d-beb2-42d8-8e9a-5c2ddc2b0855,https://allegro.pl/,12646299899,"Proszek do prania uniwersalne Persil 8,45 kg",https://allegro.pl/oferta/de-persil-uniwersalny-proszek-do-prania-8-45-12646299899,DEU,0,0,0
7307,7308,2021-11-11T15:32:34.415Z,C...2,,"Dobry proszek, niemiecka jako≈õƒá. Opakowania wystarczy na d≈Çugo.",positive,,,5,POL,,,True,True,c84e054d-beb2-42d8-8e9a-5c2ddc2b0855,https://allegro.pl/,12646299899,"Proszek do prania uniwersalne Persil 8,45 kg",https://allegro.pl/oferta/de-persil-uniwersalny-proszek-do-prania-8-45-12646299899,DEU,0,0,0
7334,7335,2021-07-15T06:30:30.271Z,e...n,,super jako≈õƒá...na zachodni rynek ,positive,,,5,POL,,,True,True,c84e054d-beb2-42d8-8e9a-5c2ddc2b0855,https://allegro.pl/,12646299899,"Proszek do prania uniwersalne Persil 8,45 kg",https://allegro.pl/oferta/de-persil-uniwersalny-proszek-do-prania-8-45-12646299899,DEU,1,0,0
7361,7362,2020-12-31T11:47:00.246Z,t...2,,"Dobrze pierze. Pr√≥bowa≈Çem ta≈Ñszych niemieckich proszk√≥w z innych zakup√≥w, ale ≈ºaden z nich nie spe≈Çnia≈Ç moich oczekiwa≈Ñ. Lepiej dop≈Çaciƒá i kupiƒá ten proszek. Polecam.",positive,Dobrze pierze.,Wysoka cena.,5,POL,,,True,True,c84e054d-beb2-42d8-8e9a-5c2ddc2b0855,https://allegro.pl/,12646299899,"Proszek do prania uniwersalne Persil 8,45 kg",https://allegro.pl/oferta/de-persil-uniwersalny-proszek-do-prania-8-45-12646299899,DEU,1,0,0
7362,7363,2020-12-29T21:35:18.626Z,M...r,,Najlepsze proszki od Niemchem,positive,,,5,POL,,,True,True,c84e054d-beb2-42d8-8e9a-5c2ddc2b0855,https://allegro.pl/,12646299899,"Proszek do prania uniwersalne Persil 8,45 kg",https://allegro.pl/oferta/de-persil-uniwersalny-proszek-do-prania-8-45-12646299899,DEU,0,0,0
7370,7371,2020-11-14T19:24:00.956Z,b...1,,super dopiera i co wa≈ºne na niemiecki rynek,positive,,,5,POL,,,True,True,c84e054d-beb2-42d8-8e9a-5c2ddc2b0855,https://allegro.pl/,12646299899,"Proszek do prania uniwersalne Persil 8,45 kg",https://allegro.pl/oferta/de-persil-uniwersalny-proszek-do-prania-8-45-12646299899,DEU,0,0,0
7522,7523,2021-10-07T10:01:26.028Z,m...z,,Proszek z metkƒÖ niemieckƒÖ. Chyba nie trzeba nic wiƒôcej na ten temat pisaƒá. Polecam,positive,,,5,POL,,,True,True,0bde05fd-c5cf-42a6-9f7e-5a200aec7b08,https://allegro.pl/,10608447129,"Proszek do prania kolor√≥w Persil 7,02 kg",https://allegro.pl/oferta/persil-color-proszek-prania-kolor-108pr-7-02kg-10608447129,POL,1,0,0
7627,7628,2021-11-03T10:03:00.124Z,C...9,,Niemiecka jakosc super ,positive,,,5,POL,,,True,True,2e355683-efe0-41d7-9d6e-081264673005,https://allegro.pl/,12255799421,"Proszek do prania kolor√≥w Persil 4,55 kg",https://allegro.pl/oferta/proszek-do-prania-do-kolorow-persil-4-55-kg-12255799421,POL,0,0,0
7662,7663,2022-01-25T19:42:17.038Z,j...a,,"Pierze jak polski produkt, a jest niemieckim produktem. No w skr√≥cie nie ma sza≈Çu... normalnie pachnie jak polski. nic szczeg√≥lnego...",negative,,,2,POL,,1.0,True,True,2e355683-efe0-41d7-9d6e-081264673005,https://allegro.pl/,12255799421,"Proszek do prania kolor√≥w Persil 4,55 kg",https://allegro.pl/oferta/proszek-do-prania-do-kolorow-persil-4-55-kg-12255799421,POL,0,0,0
7731,7732,2022-07-03T06:38:57.884Z,M...1,,"Proszek ma specyficzny niemiecki bardzo silny zapach, kt√≥ry nie ka≈ºdemu mo≈ºe pasowaƒá.Jest bardziej zbity ,dlatego wyglƒÖda na mniejszƒÖ ilo≈õƒá od innych firm.",positive,,,5,POL,1.0,,True,True,a07ca2a6-fb13-444c-8614-c7564e130c55,https://allegro.pl/,6995695551,Proszek do prania kolor√≥w Purox 10 kg,https://allegro.pl/oferta/niemiecki-proszek-do-prania-purox-kolor-10kg-folia-6995695551,DEU,0,0,0
7789,7790,2022-09-24T09:01:40.571Z,C...0,,"Widzƒô ≈ºe wiƒôkszo≈õƒá ma racjƒô. Te kilka negatywnych ocen jest wyssana z palca, zawsze znajdzie siƒô kto≈õ, komu nic nie pasuje i zawsze bƒôdƒÖ biadoliƒá. Proszek jest faktycznie dobry a nawet lepszy od tych 2 razy dro≈ºszych. Po praniu ubrania wyglƒÖdajƒÖ jak nowe. Bardzo ≈Çadnie pachnie i do≈õƒá intensywnie. Ubranie po praniu pachnƒÖ bardzo delikatnie, prawdopodobnie u ka≈ºdego w innym natƒô≈ºeniu - r√≥≈ºne pralki r√≥≈ºnie p≈ÇuczƒÖ. Dla mnie bardzo delikatny zapach jest na plus - nie chcƒô pachnieƒá proszkiem :) nawet jak ma przyjemny zapach.  Kod na opakowaniu pokazuje ≈ºe by≈Ç wyprodukowany w Niemczech a nie jak przy wielu proszkach - napisane ≈ºe w wyprodukowany w Niemczech a kod m√≥wi co innego. Jest tak jak inni piszƒÖ ≈ºe jest r√≥≈ºnica w objƒôto≈õci i tej samej masy w por√≥wnaniu z innymi proszkami. Proszek na swojƒÖ objƒôto≈õƒá jest ciƒô≈ºki, ale to w niczym mi nie przeszkadza, widocznie tak ma byƒá - wa≈ºne jest to ≈ºe robi swoje. Ludzie chwalƒÖ swoje drobie proszki, przodujƒÖcych firm bo wydali na nie kupƒô pieniƒôdzy i uwierzyli reklamie robiƒÖcej pranie m√≥zgu a w rzeczywisto≈õci nie sƒÖ takie dobre jak siƒô o nich m√≥wi. Dobra reklama i plotki ludzi z byle czego ""zrobi"" ≈õwietny produkt w kt√≥ry uwierzƒÖ t≈Çumy... Z pewno≈õciƒÖ kupiƒô ten proszek ponownie, oby firma utrzyma≈Ça tƒô jako≈õƒá i przez oszczƒôdno≈õci i jako≈õci surowc√≥w nie ""spadli"" w d√≥≈Ç, tak jak to robiƒÖ przodujƒÖce firmy proszk√≥w. Przy innych proszkach swƒôdzƒÖ mnie oczy i cieknie z nosa, przy tym nie. Ten proszek jest godny polecenia.",positive,Dobrze pierze i ≈Çadnie pachnie.,,5,POL,,,True,True,a07ca2a6-fb13-444c-8614-c7564e130c55,https://allegro.pl/,6995695551,Proszek do prania kolor√≥w Purox 10 kg,https://allegro.pl/oferta/niemiecki-proszek-do-prania-purox-kolor-10kg-folia-6995695551,DEU,2,0,0
7828,7829,2022-08-28T11:01:19.834Z,C...1,,Proszƒô najta≈Ñszy nie dociera nic i pachnie tylko w opakowaniu . Przy rozwieszaniu nie czuƒá NIC.  POLSKIE najta≈Ñsze proszki sƒÖ tak samo nic nie warte co NIEMIECKIE najtansze,negative,,,1,POL,,,True,True,a07ca2a6-fb13-444c-8614-c7564e130c55,https://allegro.pl/,6995695551,Proszek do prania kolor√≥w Purox 10 kg,https://allegro.pl/oferta/niemiecki-proszek-do-prania-purox-kolor-10kg-folia-6995695551,DEU,0,0,0
8068,8069,2022-03-02T20:21:27.953Z,e...b,,Towar nie ustƒôpuje produktom w marketach. Wydaje mi siƒô ≈ºe jest nawet lepszy. No i fajnie pachnie pranie.,positive,,,5,POL,,,True,True,a07ca2a6-fb13-444c-8614-c7564e130c55,https://allegro.pl/,6995695551,Proszek do prania kolor√≥w Purox 10 kg,https://allegro.pl/oferta/niemiecki-proszek-do-prania-purox-kolor-10kg-folia-6995695551,DEU,0,0,0
8332,8333,2021-03-21T19:33:21.257Z,U...1,,"Osobi≈õcie go nie u≈ºywam, ale moja baba jest zachwycona tym proszkiem. M√≥wi, ≈ºe pierze znacznie lepiej od proszk√≥w z sieci dyskont√≥w (tej z owadem, oraz tej niemieckiej). Za te cenƒô jest na prawdƒô dobry. Kupi≈Çem 20kg jako prezent na dzie≈Ñ kobiet i prezent okaza≈Ç siƒô byƒá bardzo trafiony.",positive,"dobrze pierze, ≈Çadnie pachnie, du≈ºe opakowanie",,5,POL,,,True,True,a07ca2a6-fb13-444c-8614-c7564e130c55,https://allegro.pl/,6995695551,Proszek do prania kolor√≥w Purox 10 kg,https://allegro.pl/oferta/niemiecki-proszek-do-prania-purox-kolor-10kg-folia-6995695551,DEU,0,0,0
8389,8390,2020-11-24T06:39:24.293Z,t...y,,Cena idzie w parze z jako≈õciƒÖ. Nie jest to niemiecki proszek ani te≈º klasy niemieckiego np. persila. Byƒá mo≈ºe jest to produkt na export albo chwyt marketingowy. BƒÖd≈∫ co bƒÖd≈∫ i tak warty zakupu.,positive,,,5,POL,,,True,True,a07ca2a6-fb13-444c-8614-c7564e130c55,https://allegro.pl/,6995695551,Proszek do prania kolor√≥w Purox 10 kg,https://allegro.pl/oferta/niemiecki-proszek-do-prania-purox-kolor-10kg-folia-6995695551,DEU,0,0,0
8526,8527,2020-04-10T12:38:05.648Z,G...i,,"Proszek wg. opisu powinien byƒá niemiecki, a jest wyprodukowany w Polsce. Wiadomo, ≈ºe produkty oryginalne niemieckie lub na rynek niemiecki sƒÖ lepszej jako≈õci, a na polski sƒÖ gorsze, nawet robione przez firmy niemieckie.",neutral,,,3,POL,,,True,True,a07ca2a6-fb13-444c-8614-c7564e130c55,https://allegro.pl/,6995695551,Proszek do prania kolor√≥w Purox 10 kg,https://allegro.pl/oferta/niemiecki-proszek-do-prania-purox-kolor-10kg-folia-6995695551,DEU,0,0,0
8629,8630,2019-10-27T17:51:02.932Z,a...a,,pomimo produkcji przez clovin proszek trochƒô lepszy od normalnych krajowych serii,positive,,,5,POL,,,True,True,a07ca2a6-fb13-444c-8614-c7564e130c55,https://allegro.pl/,6995695551,Proszek do prania kolor√≥w Purox 10 kg,https://allegro.pl/oferta/niemiecki-proszek-do-prania-purox-kolor-10kg-folia-6995695551,DEU,0,0,0
8688,8689,2019-07-19T13:22:43.075Z,m...7,,niemo≈ºliwe? niemiecki a do niczego,negative,,,2,POL,,,True,True,a07ca2a6-fb13-444c-8614-c7564e130c55,https://allegro.pl/,6995695551,Proszek do prania kolor√≥w Purox 10 kg,https://allegro.pl/oferta/niemiecki-proszek-do-prania-purox-kolor-10kg-folia-6995695551,DEU,0,0,0
8778,8779,2019-02-05T09:30:26.294Z,A...4,,Proszek na pewno nie jest niemiecki. Jest to podr√≥ba. Bardzo siƒô zawiod≈Çam bo nawet najmniejszych  plam nie odpiera ani w 40' ani w 60 stopniach. Wyrzuci≈Çam pieniƒÖdze w b≈Çoto. Nie polecam!,negative,,,1,POL,,,True,True,a07ca2a6-fb13-444c-8614-c7564e130c55,https://allegro.pl/,6995695551,Proszek do prania kolor√≥w Purox 10 kg,https://allegro.pl/oferta/niemiecki-proszek-do-prania-purox-kolor-10kg-folia-6995695551,DEU,1,0,1
8831,8832,2018-11-26T14:23:42.518Z,s...3,,"proszek OK.zapach intensywny przyjemny.pierze dobrze,ciuchy pachnƒÖ.niemiecka chemia zawsze by≈Ça o niebo lepsza ni≈º nasza.biorƒÖc na rƒôke dwa proszki tej samej firmy niemiecki i polski wyglƒÖdajƒÖ jak dwa r√≥≈ºne.czyli nie niemcy a nasi nas szwabiƒÖ.",positive,,,5,POL,,,True,True,a07ca2a6-fb13-444c-8614-c7564e130c55,https://allegro.pl/,6995695551,Proszek do prania kolor√≥w Purox 10 kg,https://allegro.pl/oferta/niemiecki-proszek-do-prania-purox-kolor-10kg-folia-6995695551,DEU,0,0,0
8947,8948,2019-11-08T15:24:44.460Z,j...y,,"Ten proszek u≈ºywam ju≈º po raz kolejny i testowa≈Ça tez te≈õciowa. Nadzwyczaj dobrze siƒô sprawuje. O wiele lepszy od kupowanego kiedy≈õ w Lidlu - proszek Czeski. Dobrze sie rozpuszcza i nie zostawia smug, czy ≈õlad√≥w.. Polecam, warto przetestowaƒá..",positive,,,5,POL,8.0,,True,True,14fdf0d3-4919-4442-8501-14a3c3ca7a0a,https://allegro.pl/,12424017283,Proszek do prania kolor√≥w Wasch Pulver 9 kg,https://allegro.pl/oferta/waschpulver-proszek-do-prania-de-18kg-zestaw-12424017283,DEU,1,0,0
8951,8952,2019-03-15T22:30:34.585Z,C...8,,ten proszek niby niemiecki on nawet nie sta≈Ç przy takim!,negative,,,1,POL,8.0,3.0,True,True,14fdf0d3-4919-4442-8501-14a3c3ca7a0a,https://allegro.pl/,12424017283,Proszek do prania kolor√≥w Wasch Pulver 9 kg,https://allegro.pl/oferta/waschpulver-proszek-do-prania-de-18kg-zestaw-12424017283,DEU,0,0,0
9148,9149,2020-03-21T14:24:31.916Z,w...1,,Proszek WaschPulver na pewno lepszy ni≈º proszki z marketu. Zapach po praniu niewyczuwalny. Skuteczny. Polecam. ,neutral,,,3,POL,,,True,True,14fdf0d3-4919-4442-8501-14a3c3ca7a0a,https://allegro.pl/,12424017283,Proszek do prania kolor√≥w Wasch Pulver 9 kg,https://allegro.pl/oferta/waschpulver-proszek-do-prania-de-18kg-zestaw-12424017283,DEU,1,0,0
9587,9588,26.04.2022,E.,Vorsicht,Ich hatte schon Mal Waschmittel bestellt da war alles super. Dieses Mal waren gro√üe Glassplitter drin. Nicht zu empfehlen.,negative,,,1,DEU,0.0,,True,True,82b4a805-4b4b-46a9-96d9-6feb3c869207,https://www.amazon.de,B004DNVFKY,"Wei√üer Riese Universal Washing Powder, Eco-Friendly Laundry Detergent with Summer Fragrance, 1 x Bumper Pack (1 x 100 Wash Loads)",https://www.amazon.de/-/en/Universal-Washing-Eco-Friendly-Detergent-Fragrance/dp/B004DNVFKY/ref=cm_cr_arp_d_product_top?ie=UTF8&th=1,DEU,0,0,0
10259,10260,04.12.2016,Frau Mo.,Neuer Duft?,"Ich war mit dem Citrus Waschpulver immer sehr zufrieden, gerade wegen des stark citronigen Duftes. Scheinbar wurde mir der neuen Verpackung nun auch die Rezeptur ver√§ndert. Es riecht nun eher blumig-frisch. Schade! Fand ich vorher besser.. Das Waschergebnis scheint aber unver√§ndert gut zu sein.",neutral,,,3,DEU,5.0,,True,True,7a0d8763-7b09-486e-994e-4bdcb7d04775,https://www.amazon.de,B00Q8POCS2,Frosch Citrus Washing Powder Pack of 5 x 18 WL,https://www.amazon.de/-/en/Frosch-Citrus-Washing-Powder-Pack/dp/B00Q8POCS2/ref=cm_cr_arp_d_product_top?ie=UTF8,DEU,0,0,0
10423,10424,29.06.2020,Jan Ab‚Ä¶.,Sch√∂ne tabs,"Ich habe diese Tabs bestellt da ich beruflich sehr viel unterwegs bin.. Ich bin sehr zufrieden mit den Tabs. F√ºr eine Handw√§sche im Waschbecken aber etwas stark dosiert - Das tut man ja eigentlich nicht, aber wenn man wie ich Weltweit unterwegs ist muss man so manchmal handeln.. Ich bin eigentlich sehr zufrieden!. ----. Leider muss ich meine Bewertung korrigieren.. In Box 2 und 3 waren sehr viele Pods ""verklebt"" so wie es auf den Bildern ist.. Eigentlich sehr schade!",negative,,,2,DEU,2.0,,True,True,d5adb1c0-d103-4076-bb78-2267a614265c,https://www.amazon.pl,B074KL2SRR,"Ariel 3 w 1 kapsu≈Çki do detergent√≥w 114 lavados Color, (38 x 3) mycie",https://www.amazon.pl/Ariel-kapsulki-detergent√≥w-lavados-Color/dp/B074KL2SRR/ref=cm_cr_arp_d_product_top?ie=UTF8&th=1,FRA,0,0,0
11754,11755,16.04.2019,J. Walter,"Preis ok, aber duftet nicht",Habe mir die Pods aufgrund des g√ºnstigen Preises bestellt. Hatte sie zuvor schon aus dem Drogeriemarkt. Musste leider feststellen das die W√§sche √ºberhaupt nicht so gut riecht wie aus dem Drogeriemarkt. Habe mir die anderen wieder geholt und alles duftet wunderbar.,neutral,,,3,DEU,0.0,,True,True,62fee1c3-5200-4b8f-a80a-9b6df1468747,https://www.amazon.pl,B0751HV9WQ,"Ariel 3 w 1 PODS ≈õrodek piorƒÖcy, 114 cykli prania (1 x 3 x 38 pracy)",https://www.amazon.pl/Ariel-≈õrodek-piorƒÖcy-cykli-prania/dp/B0751HV9WQ/ref=sr_1_196?__mk_pl_PL=√ÖM√Ö≈Ω√ï√ë&crid=108TBCSOG5JDW&keywords=persil+proszek+do+prania&qid=1664906932&sprefix=persil+proszek+do+prania%2Caps%2C121&sr=8-196,GBR,0,0,0
13795,13796,09.04.2019,Lachsfrischk√§se,"Macht gut sauber, wenn die WaMa stimmt","Diese Caps sind echt gut, wenn die WaMa nicht eine Wasserspar-Maschine ist. Die Miele meiner Eltern schafft es tats√§chlich nicht, die gelartige Umh√ºllung aufzul√∂sen, es finden sich schleimige Reste an der Bekleidung.. Aber mit dieser Maschine haben wir auch insgesamt Probleme, ein Waschmittel zu finden, was sich gut rausw√§scht.. Mit meiner Bosch und der AEG meiner Schwester hingegen gibt es √ºberhaupt keine Probleme. Beides etwas √§ltere Waschmaschinen, die viel mehr Wasser zum Waschen ben√∂tigen.. Die Caps l√∂sen sich hier bei 40 Grad komplett auf, es finden sich keine R√ºckst√§nder mehr auf der W√§sche.. Alles wird sauber und riecht gut, aber nicht penetrant.. Praktisch, wenn man eine volle Maschine hat, und einfach die Caps mit in die Trommel wirft.. Da ich aber oft halbvolle Maschinen wasche, werde ich bei meinem normalen Waschmittel bleiben.. Fazit: gutes Produkt, wenn man keine Spar-Waschmaschine hat.",positive,,,4,DEU,1.0,,True,False,a1a35a0e-0d12-4551-98a9-800de9adf278,https://www.amazon.pl,B07L27QG9R,"Persil Uniwersalny ≈õrodek piorƒÖcy Duo-Caps (112 prania), ≈õrodek piorƒÖcy z aktywnym rozpuszczalnikiem plam i formu≈ÇƒÖ Persil dla promiennej czysto≈õci",https://www.amazon.pl/Persil-Uniwersalny-rozpuszczalnikiem-promiennej-czysto≈õci/dp/B07L27QG9R/ref=sr_1_50?crid=33P5P0604IKF9&keywords=ariel%2Bproszek%2Bkolor&qid=1664882336&sprefix=ariel%2Bproszek%2Caps%2C110&sr=8-50&th=1,HUN,0,0,0
14238,14239,08.08.2020,GM in CT,Five Stars!,"I've purchased Persil 5 times over two years now, and I couldn't be happier. This evidently is the same German formula that I used in Austria, and it cleans better than any American-made detergent that I have ever used. My whites are brighter than what Tide used to do, and the clothes are noticeably cleaner overall, and is a great stain-fighter. I use it in my HE machine and have never had an issue. I will take almost any European made product over it's American made counterpart any day. Five stars all the way.",positive,,,5,OT: (Recenzowano w Stanach Zjednoczonych üá∫üá∏ w dniu 8 sierpnia 2020),0.0,,True,False,c84e054d-beb2-42d8-8e9a-5c2ddc2b0855,https://www.amazon.pl,B07NPY6V8L,"Persil Uniwersalny proszek do prania (50 prania), ≈õrodek piorƒÖcy z technologiƒÖ g≈Çƒôbokiego czyszczenia plus zwalcza uporczywe plamy zapewniajƒÖce promiennƒÖ czysto≈õƒá",https://www.amazon.pl/Persil-Uniwersalny-technologiƒÖ-czyszczenia-zapewniajƒÖce/dp/B07NPY6V8L/ref=sr_1_7?__mk_pl_PL=√ÖM√Ö≈Ω√ï√ë&crid=108TBCSOG5JDW&keywords=persil%2Bproszek%2Bdo%2Bprania&qid=1664903027&sprefix=persil%2Bproszek%2Bdo%2Bprania%2Caps%2C121&sr=8-7&th=1,DEU,0,0,0
14240,14241,30.01.2021,PhotoGraphics,But is it better,"This must be one of the most misunderstood products I can think of. And there are countless reviews for the brand name but it‚Äôs almost impossible to tell which of the many variances they are talking about, especially the one about the product that‚Äôs made for the Americas is not in any way the same as what is made for and sold in Germany. I can only advise to read every word of the product description to be sure you are getting what you expect. The other thing is the huge pricing variance, it is substantial and if you are required to pay to get it sent to you that can almost double the price, a box of detergent is very heavy.. I have been getting the 44 load size for a long time until the price skyrocketed. And while that can change daily or even minute to minute this time I ended up with the 100 loads megapack. I included a photo to show the size difference, it is not a minor detail. But it was the best deal at the time and we will use it ‚Äì eventually.. As far as how good it cleans, you can read all 10,000 reviews and still not know how it will work in your washer, with your water, on your clothes. There is only one way to know that which is to buy it and try it for yourself. I can only advise that if you get the real stuff directly from Germany you will probably find that what everyone is saying is true. This is probably the best laundry detergent you can get.",positive,,,5,OT: (Recenzowano w Stanach Zjednoczonych üá∫üá∏ w dniu 30 stycznia 2021),0.0,,True,False,c84e054d-beb2-42d8-8e9a-5c2ddc2b0855,https://www.amazon.pl,B07NPY6V8L,"Persil Uniwersalny proszek do prania (50 prania), ≈õrodek piorƒÖcy z technologiƒÖ g≈Çƒôbokiego czyszczenia plus zwalcza uporczywe plamy zapewniajƒÖce promiennƒÖ czysto≈õƒá",https://www.amazon.pl/Persil-Uniwersalny-technologiƒÖ-czyszczenia-zapewniajƒÖce/dp/B07NPY6V8L/ref=sr_1_7?__mk_pl_PL=√ÖM√Ö≈Ω√ï√ë&crid=108TBCSOG5JDW&keywords=persil%2Bproszek%2Bdo%2Bprania&qid=1664903027&sprefix=persil%2Bproszek%2Bdo%2Bprania%2Caps%2C121&sr=8-7&th=1,DEU,0,0,0
14249,14250,03.10.2022,Total Darkness,The Nuclear Option,"What to do with clothes from a sweaty dirty job? Tried the best American detergents but still not fully satisfied. Read about original German Persil and its ‚Äúmagic‚Äù cleaning power quite by accident. Ordered a box for the heck of it and put it to the test. Just dumped a whole load of nasty uniforms and the middle dosage of Persil into the washer with no presoaks or collar pretreatment and ran a normal warm cycle with extra rinse ( I am sensitive to detergent) as I usually do. Amazing! Clean uniforms right out of the box! I thought maybe I‚Äôd fallen for the hype but after using this detergent for a few months exclusively, several of my coworkers asked me right out of the blue, how do I keep my uniforms so fresh!. The detergent also rinses completely so no problems with sensitivity. It is expensive but worth every penny. To save money I use American Persil (just not as effective as the German but still better than Tide) and keep the German stuff for the last resort.",positive,,,5,OT: (Opinia napisana w Stanach Zjednoczonych dnia 3 pa≈∫dziernika 2022),0.0,,True,False,c84e054d-beb2-42d8-8e9a-5c2ddc2b0855,https://www.amazon.pl,B07NPY6V8L,"Persil Uniwersalny proszek do prania (50 prania), ≈õrodek piorƒÖcy z technologiƒÖ g≈Çƒôbokiego czyszczenia plus zwalcza uporczywe plamy zapewniajƒÖce promiennƒÖ czysto≈õƒá",https://www.amazon.pl/Persil-Uniwersalny-technologiƒÖ-czyszczenia-zapewniajƒÖce/dp/B07NPY6V8L/ref=sr_1_7?__mk_pl_PL=√ÖM√Ö≈Ω√ï√ë&crid=108TBCSOG5JDW&keywords=persil%2Bproszek%2Bdo%2Bprania&qid=1664903027&sprefix=persil%2Bproszek%2Bdo%2Bprania%2Caps%2C121&sr=8-7&th=1,DEU,0,0,0
14252,14253,12.12.2020,M. Herline,Worth the Money,I got hooked on Persil when we lived in Europe. Amazing stuff. I no will only use the powder and not the liquid detergent that is marketed in the states. A little goes a long way and the clothes are clean and last longer. A must have!!,positive,,,5,OT: (Opinia napisana w Stanach Zjednoczonych dnia 12 grudnia 2020),7.0,,True,True,c84e054d-beb2-42d8-8e9a-5c2ddc2b0855,https://www.amazon.pl,B07NPY6V8L,"Persil Uniwersalny proszek do prania (50 prania), ≈õrodek piorƒÖcy z technologiƒÖ g≈Çƒôbokiego czyszczenia plus zwalcza uporczywe plamy zapewniajƒÖce promiennƒÖ czysto≈õƒá",https://www.amazon.pl/Persil-Uniwersalny-technologiƒÖ-czyszczenia-zapewniajƒÖce/dp/B07NPY6V8L/ref=sr_1_7?__mk_pl_PL=√ÖM√Ö≈Ω√ï√ë&crid=108TBCSOG5JDW&keywords=persil%2Bproszek%2Bdo%2Bprania&qid=1664903027&sprefix=persil%2Bproszek%2Bdo%2Bprania%2Caps%2C121&sr=8-7&th=1,DEU,0,0,0
14257,14258,18.03.2022,yvnrg1981,WOW....this stuff is Amazing!!!,German engineering at its best. Can never go back to US products.,positive,,,5,OT: (Opinia napisana w Stanach Zjednoczonych dnia 18 marca 2022),1.0,,True,True,c84e054d-beb2-42d8-8e9a-5c2ddc2b0855,https://www.amazon.pl,B07NPY6V8L,"Persil Uniwersalny proszek do prania (50 prania), ≈õrodek piorƒÖcy z technologiƒÖ g≈Çƒôbokiego czyszczenia plus zwalcza uporczywe plamy zapewniajƒÖce promiennƒÖ czysto≈õƒá",https://www.amazon.pl/Persil-Uniwersalny-technologiƒÖ-czyszczenia-zapewniajƒÖce/dp/B07NPY6V8L/ref=sr_1_7?__mk_pl_PL=√ÖM√Ö≈Ω√ï√ë&crid=108TBCSOG5JDW&keywords=persil%2Bproszek%2Bdo%2Bprania&qid=1664903027&sprefix=persil%2Bproszek%2Bdo%2Bprania%2Caps%2C121&sr=8-7&th=1,DEU,0,0,0
14380,14381,12.12.2021,BW,Quality Product,"This is the only detergent we use in out front-load washer. We were told at one time to only use the Persil from Europe, and that is what we have done.. We have never had a detergent-related issue with our washer.",positive,,,5,OT: (Opinia napisana w Kanadzie dnia 12 grudnia 2021),2.0,,True,True,2e355683-efe0-41d7-9d6e-081264673005,https://www.amazon.pl,B07PXZXVLJ,"Persil Color proszek (50 pra≈Ñ), ≈õrodek do prania kolorowych tkanin z technologiƒÖ Tiefenrein-Plus zwalcza uporczywe plamy, proszek do prania dla jasnych kolor√≥w",https://www.amazon.pl/Persil-kolorowych-technologiƒÖ-Tiefenrein-Plus-uporczywe/dp/B07PXZXVLJ/ref=sr_1_35?crid=33P5P0604IKF9&keywords=ariel%2Bproszek%2Bkolor&qid=1664881059&sprefix=ariel%2Bproszek%2Caps%2C110&sr=8-35&th=1,DEU,0,0,0
14385,14386,19.05.2020,Ross,German Cleaning Power,Top notch laundry detergent. I miss this detergent since I lived abroad in Europe for a year.. Wish we had this here but North Americans dislike good quality and measuring detergent.. I'd buy again if less than $100...,positive,,,5,OT: (Opinia napisana w Kanadzie dnia 19 maja 2020),0.0,,True,True,2e355683-efe0-41d7-9d6e-081264673005,https://www.amazon.pl,B07PXZXVLJ,"Persil Color proszek (50 pra≈Ñ), ≈õrodek do prania kolorowych tkanin z technologiƒÖ Tiefenrein-Plus zwalcza uporczywe plamy, proszek do prania dla jasnych kolor√≥w",https://www.amazon.pl/Persil-kolorowych-technologiƒÖ-Tiefenrein-Plus-uporczywe/dp/B07PXZXVLJ/ref=sr_1_35?crid=33P5P0604IKF9&keywords=ariel%2Bproszek%2Bkolor&qid=1664881059&sprefix=ariel%2Bproszek%2Caps%2C110&sr=8-35&th=1,DEU,0,0,0
14567,14568,28.12.2017,Theo T.,Persil Color 100 W√§schen,"Verstehe die Verkaufsstrategie von Henkel nicht bei Amazon gekauft 1. M√§rz 2014 Persil Color 100 W√§schen mit einem Inhalt von 7,5 kg am 31.01.2018 nochmals bei Amazon 100 W√§schen Persil Color nun aber mit 6,5 kg Inhalt gekauft. Nun frage ich mich ist das soviel besser geworden oder ist das eine Mogelpackung.Bin eigentlich immer mit dem Waschmittel zufrieden gewesen aber man sollte beim verkauf eine Gewichtsangabe machen dann kann der Kunde selber entscheiden ob er das Produkt kaufen m√∂chte.Deshalb nur ein Stern",negative,,,1,DEU,0.0,,True,True,2e355683-efe0-41d7-9d6e-081264673005,https://www.amazon.pl,B07PXZXVLJ,"Persil Color proszek (50 pra≈Ñ), ≈õrodek do prania kolorowych tkanin z technologiƒÖ Tiefenrein-Plus zwalcza uporczywe plamy, proszek do prania dla jasnych kolor√≥w",https://www.amazon.pl/Persil-kolorowych-technologiƒÖ-Tiefenrein-Plus-uporczywe/dp/B07PXZXVLJ/ref=sr_1_35?crid=33P5P0604IKF9&keywords=ariel%2Bproszek%2Bkolor&qid=1664881059&sprefix=ariel%2Bproszek%2Caps%2C110&sr=8-35&th=1,DEU,0,0,0
15258,15259,08.10.2021,MArleneLA,"Das Waschmitel it zr g√ºnig, aber bei weitem  icht das as es verspricht","Ich weis ja nixht was der Firma Henkel bei der PRODUKTIOn dieses Produktes f√ºr ein Fehler unterlaufen ist?!. Ich musste leider meine Meinung von mweinem guten Kauf revidieren. So ein Mist ist mir bis jetzt noch nicht untergekommen. und wie ich jetzt gesehen habe, geht ddas sxhob lANGE SO. Ich h√§tte die Rezissionen fr√ºher lesen sollen, dann h√§tte ich den Kauf swicher nicht get√§tigt.Das war jetzt as ERste und auch letzte Mal das ich Persil kaufen werde.Vor allem wenn die Fima Henkel nicht f√§hig ist, sich des Problems anzunehmenund die 'Ware zu verbessern. Waschmittel und ummantelng l√∂st sich nicht auf und bleibt als graussiger Gatssch auf der W√§sce kleben. Ich werde dieses Produkt wieder an Sie retournieren. Da ist ein Produktfehler um den anderen passiert.Was also schlagen Sie vor?",negative,,,1,DEU,4.0,,True,True,e7f7a10f-232b-403d-8f7c-10108ee9b69b,https://www.amazon.pl,B08KVFFGV5,"Persil Color 4 w 1 Discs (104 prania), ≈õrodek do prania kolorowych tkanin z technologiƒÖ Tiefrein-Plus i d≈Çugotrwa≈ÇƒÖ ≈õwie≈ºo≈õciƒÖ, ≈õrodek piorƒÖcy do jasnych kolor√≥w",https://www.amazon.pl/Persil-kolorowych-technologiƒÖ-Tiefrein-Plus-dlugotrwalƒÖ/dp/B08KVFFGV5/ref=cm_cr_arp_d_product_top?ie=UTF8,DEU,0,0,0
15489,15490,08.10.2021,SR,Nie wieder!!!!!!,"Ganz ganz schlimm - ich hatte diesen Artikel auf Empfehlung einer Freundin gekauft - ich liebe das blaue Lenor ... aber dieses Waschmittel - erstens war die Verpackung besch√§digt, zweitens - es riecht nicht! Ich bin so entt√§uscht - meine beste Freundin hat darauf geschw√∂rt ... und es riecht, wie wenn ich billig Waschpulver in der Tschechei einkaufe .. hauptsache ich hab nun 130 W√§schen stinkendes Waschpulver ... F√ºr den Preis - super!",negative,,,1,DEU,2.0,,True,True,7050b4b9-97be-4d91-af21-df3eb4edc308,https://www.amazon.de,B08WQRN4GB,"Lenor Laundry Detergent Powder, Washing Powder Large Pack, Full Detergent, 130 Washes, Lenor April Fresh with Spring Flowers Fragrance (8.45 kg)",https://www.amazon.de/-/en/Laundry-Detergent-Washing-Flowers-Fragrance/dp/B08WQRN4GB/ref=cm_cr_arp_d_product_top?ie=UTF8,CZE,0,0,0
